GAM Absolute Return Bond Fund,AUD (Inc),,,,,,,,
GAM Absolute Return Bond Fund,AUD (Acc),,,,,,,,
GAM Absolute Return Bond Fund,(AU),,,,,,,,
GAM Absolute Return Bond Fund,(US Domicile),,,,,,,,
GAM Asia Equity,USD Open,,,,,,,,
GAM Asia Equity Hedge,JPY Open,,,,,,,,
GAM Asia Equity Hedge,USD Open,,,,,,,,
GAM Balanced Unit Trust,(Acc),,,,,,,,
GAM Balanced Unit Trust,(Inc),,,,,,,,
GAM Caspian,,,,,,,,,
GAM Composite Absolute Return,CAD- Reserved,,,,,,,,
GAM Composite Absolute Return,CHF- Open,,,,,,,,
GAM Composite Absolute Return,CHF- Reserved,,,,,,,,
GAM Composite Absolute Return,EUR- New Non,,,,,,,,
GAM Composite Absolute Return,EUR- Open,,,,,,,,
GAM Composite Absolute Return,EUR- Reserved,,,,,,,,
GAM Composite Absolute Return,EUR Access,,,,,,,,
GAM Composite Absolute Return,EUR OEIC (Acc),,,,,,,,
GAM Composite Absolute Return,GBP- Listed,,,,,,,,
GAM Composite Absolute Return,GBP- Open,,,,,,,,
GAM Composite Absolute Return,GBP- Reserved,,,,,,,,
GAM Composite Absolute Return,GBP Access,,,,,,,,
GAM Composite Absolute Return,GBP OEIC (Acc),,,,,,,,
GAM Composite Absolute Return,GBP OEIC Inst (Acc),,,,,,,,
GAM Composite Absolute Return,Index- EUR,,,,,,,,
GAM Composite Absolute Return,Index- GBP,,,,,,,,
GAM Composite Absolute Return,SGD- Open,,,,,,,,
GAM Composite Absolute Return,USD- Non Voting,,,,,,,,
GAM Composite Absolute Return,USD- Open,,,,,,,,
GAM Composite Absolute Return,USD- Reserved,,,,,,,,
GAM Composite Global Balanced,EUR Open,,,,,,,,
GAM Composite Global Balanced,GBP Open,,,,,,,,
GAM Composite Global Balanced,USD Open,,,,,,,,
GAM Composite Global Equity,CHF Open,,,,,,,,
GAM Composite Global Equity,EUR Open,,,,,,,,
GAM Composite Global Equity,GBP Open,,,,,,,,
GAM Composite Global Equity,USD Open,,,,,,,,
GAM Composite Global Growth,EUR Open,,,,,,,,
GAM Composite Global Growth,GBP Open,,,,,,,,
GAM Composite Global Growth,USD Open,,,,,,,,
GAM Convertible Bond Hedge,EUR 1,,,,,,,,
GAM Convertible Bond Hedge,USD 1,,,,,,,,
GAM Diversity,CHF Open,,,,,,,,
GAM Diversity,EUR 2.5XL,,,,,,,,
GAM Diversity,EUR Open,,,,,,,,
GAM Diversity,GBP 2.5XL,,,,,,,,
GAM Diversity,GBP Institutional,,,,,,,,
GAM Diversity,GBP Open,,,,,,,,
GAM Diversity,NOK Open,,,,,,,,
GAM Diversity,SGD Open,,,,,,,,
GAM Diversity,USD 2.5XL,,,,,,,,
GAM Diversity,USD Institutional,,,,,,,,
GAM Diversity,USD M,,,,,,,,
GAM Diversity,USD Open,,,,,,,,
GAM Diversity II,CHF Open,,,,,,,,
GAM Diversity II,EUR Open,,,,,,,,
GAM Diversity II,GBP Open,,,,,,,,
GAM Diversity II,USD Open,,,,,,,,
GAM Diversity III,EUR Non-Voting,,,,,,,,
GAM Diversity III,EUR Open,,,,,,,,
GAM Diversity III,GBP Open,,,,,,,,
GAM Diversity III,USD Non-Voting,,,,,,,,
GAM Diversity III,USD Open,,,,,,,,
GAM Emerging Market Rates Hedge,CHF,,,,,,,,
GAM Emerging Market Rates Hedge,USD,,,,,,,,
GAM Euro Special Bond,CHF Open,,,,,,,,
GAM Euro Special Bond,EUR Open,,,,,,,,
GAM European Equity Hedge,EUR Open,,,,,,,,
GAM European Equity Hedge,EUR Reserved,,,,,,,,
GAM European Equity Hedge,USD Open,,,,,,,,
GAM FCM Cat Bond,EUR Open,,,,,,,,
GAM FCM Cat Bond,GBP Open,,,,,,,,
GAM FCM Cat Bond,JPY Open,,,,,,,,
GAM FCM Cat Bond,USD Institutional,,,,,,,,
GAM FCM Cat Bond,USD Open,,,,,,,,
GAM FCM Cat Bond,USD Reserved,,,,,,,,
GAM Focus Alternatives,EUR - Reserved,,,,,,,,
GAM Focus Alternatives,GBP - Reserved,,,,,,,,
GAM Focus Alternatives,USD - Reserved,,,,,,,,
GAM GAMCO Equity,,,,,,,,,
GAM Global Diversified,GBP Institutional (Acc),,,,,,,,
GAM Global Diversified,GBP Institutional (Inc),,,,,,,,
GAM Global Diversified,USD Open,,,,,,,,
GAM Global Diversified,(Acc),,,,,,,,
GAM Global Diversified,(Inc),,,,,,,,
GAM Global Rates Hedge,CHF,,,,,,,,
GAM Global Rates Hedge,EUR,,,,,,,,
GAM Global Rates Hedge,GBP,,,,,,,,
GAM Global Rates Hedge,USD,,,,,,,,
GAM Global Rates Hedge,USD 2,,,,,,,,
GAM Global Rates Hedge,(US Domicile),,,,,,,,
GAM Interest Trend,USD Open,,,,,,,,
GAM Money Markets,EUR Open,,,,,,,,
GAM Money Markets,EUR Reserved,,,,,,,,
GAM Money Markets,GBP Open,,,,,,,,
GAM Money Markets,GBP Reserved,,,,,,,,
GAM Money Markets,USD Open,,,,,,,,
GAM Money Markets,USD Reserved,,,,,,,,
GAM MP Credit,CHF Reserved,,,,,,,,
GAM MP Credit,EUR Reserved,,,,,,,,
GAM MP Credit,GBP Reserved,,,,,,,,
GAM MP Credit,USD Reserved,,,,,,,,
GAM MP Global Equity,USD Reserved,,,,,,,,
GAM MP UK Equity Unit Trust,(Acc),,,,,,,,
GAM MP UK Equity Unit Trust,(Inc),,,,,,,,
GAM Multi-Arbitrage,CHF Open,,,,,,,,
GAM Multi-Arbitrage,CHF SI-1,,,,,,,,
GAM Multi-Arbitrage,CHF SI-2,,,,,,,,
GAM Multi-Arbitrage,EUR Non-Voting,,,,,,,,
GAM Multi-Arbitrage,EUR Open,,,,,,,,
GAM Multi-Arbitrage,EUR SI-1,,,,,,,,
GAM Multi-Arbitrage,EUR SI-2,,,,,,,,
GAM Multi-Arbitrage,GBP Open,,,,,,,,
GAM Multi-Arbitrage,GBP Reserved,,,,,,,,
GAM Multi-Arbitrage,GBP SI-1,,,,,,,,
GAM Multi-Arbitrage,GBP SI-2,,,,,,,,
GAM Multi-Arbitrage,USD Open,,,,,,,,
GAM Multi-Arbitrage,USD SI-1,,,,,,,,
GAM Multi-Arbitrage,USD SI-2,,,,,,,,
GAM Multi-Diversified LV,EUR Open,,,,,,,,
GAM Multi-Emerging Markets,CHF,,,,,,,,
GAM Multi-Emerging Markets,EUR,,,,,,,,
GAM Multi-Emerging Markets,EUR Non-Voting B,,,,,,,,
GAM Multi-Emerging Markets,GBP,,,,,,,,
GAM Multi-Emerging Markets,USD,,,,,,,,
GAM Multi-Emerging Markets,USD M,,,,,,,,
GAM Multi-Emerging Markets,USD Non-Voting B,,,,,,,,
GAM Multi-Europe,EUR,,,,,,,,
GAM Multi-Europe II,EUR Open,,,,,,,,
GAM Multi-Europe II,USD Open,,,,,,,,
GAM Multi-Europe USD,Open,,,,,,,,
GAM North American Growth,GBP Institutional (Acc),,,,,,,,
GAM North American Growth,GBP Institutional (Inc),,,,,,,,
GAM North American Growth,(Acc),,,,,,,,
GAM North American Growth,(Inc),,,,,,,,
GAM Overlay,CHF Reserved,,,,,,,,
GAM Overlay,EUR Reserved,,,,,,,,
GAM Overlay,GBP Reserved,,,,,,,,
GAM Overlay,USD Reserved,,,,,,,,
GAM Selection Hedge,USD Open,,,,,,,,
GAM Singapore/Malaysia Equity,USD Open,,,,,,,,
GAM Star Absolute Europe,EUR (Inc),,,,,,,,
GAM Star Absolute Europe,USD (Inc),,,,,,,,
GAM Star Absolute Global Portfolio,C EUR,,,,,,,,
GAM Star Absolute Global Portfolio,EUR Institutional (Acc),,,,,,,,
GAM Star Absolute Global Portfolio,GBP Institutional (Inc),,,,,,,,
GAM Star Absolute Greater China,USD (Acc),,,,,,,,
GAM Star Absolute Return Bond,EUR (Acc),,,,,,,,
GAM Star Absolute Return Bond,EUR Institutional (Acc),,,,,,,,
GAM Star Absolute Return Bond,GBP Institutional (Acc),,,,,,,,
GAM Star Absolute Return Bond,Z GBP,,,,,,,,
GAM Star Absolute Return Bond Defender,EUR (Acc),,,,,,,,
GAM Star Absolute Return Bond Defender,EUR Institutional (Acc),,,,,,,,
GAM Star Absolute Return Bond Defender,GBP Institutional (Acc),,,,,,,,
GAM Star Absolute Return Bond Defender,USD Institutional (Acc),,,,,,,,
GAM Star Absolute Return Bond Plus,EUR (Acc),,,,,,,,
GAM Star Absolute Return Bond Plus,EUR Institutional (Acc),,,,,,,,
GAM Star Absolute Return Bond Plus,GBP Institutional (Acc),,,,,,,,
GAM Star Absolute Return Bond Plus,USD Institutional (Acc),,,,,,,,
GAM Star Alpha Spectrum,EUR (Acc),,,,,,,,
GAM Star Asian Equity,C EUR,,,,,,,,
GAM Star Asian Equity,CHF (Acc),,,,,,,,
GAM Star Asian Equity,EUR (Acc),,,,,,,,
GAM Star Asian Equity,GBP (Acc),,,,,,,,
GAM Star Asian Equity,GBP (Inc),,,,,,,,
GAM Star Asian Equity,GBP Institutional (Acc),,,,,,,,
GAM Star Asian Equity,USD (Acc),,,,,,,,
GAM Star Asia-Pacific Equity,C EUR,,,,,,,,
GAM Star Asia-Pacific Equity,CHF (Acc),,,,,,,,
GAM Star Asia-Pacific Equity,EUR (Acc),,,,,,,,
GAM Star Asia-Pacific Equity,EUR (Inc),,,,,,,,
GAM Star Asia-Pacific Equity,GBP (Acc),,,,,,,,
GAM Star Asia-Pacific Equity,GBP (Inc),,,,,,,,
GAM Star Asia-Pacific Equity,USD (Acc),,,,,,,,
GAM Star Asia-Pacific Equity,USD (Inc),,,,,,,,
GAM Star Balanced,C CHF,,,,,,,,
GAM Star Balanced,C EUR,,,,,,,,
GAM Star Balanced,C GBP,,,,,,,,
GAM Star Balanced,C USD,,,,,,,,
GAM Star Balanced,GBP Institutional (Acc),,,,,,,,
GAM Star Balanced,USD Institutional (Acc),,,,,,,,
GAM Star Balanced,Z GBP,,,,,,,,
GAM Star Barclays Dynamic Multi-Index Allocation,EUR Inst (Acc),,,,,,,,
GAM Star Barclays Dynamic Multi-Index Allocation,GBP Inst (Acc),,,,,,,,
GAM Star Barclays Dynamic Multi-Index Allocation,JPY Inst (Acc),,,,,,,,
GAM Star Barclays Dynamic Multi-Index Allocation,SEK Inst (Acc),,,,,,,,
GAM Star Barclays Dynamic Multi-Index Allocation,USD Inst (Acc),,,,,,,,
GAM Star Capital Appreciation US Equity,GBP (Inc),,,,,,,,
GAM Star Capital Appreciation US Equity,USD (Acc),,,,,,,,
GAM Star Capital Appreciation US Equity,USD (Inc),,,,,,,,
GAM Star Capital Appreciation US Equity,USD Institutional (Acc),,,,,,,,
GAM Star Cat Bond,CHF (Acc),,,,,,,,
GAM Star Cat Bond,EUR (Acc),,,,,,,,
GAM Star Cat Bond,EUR Institutional (Acc),,,,,,,,
GAM Star Cat Bond,GBP (Acc),,,,,,,,
GAM Star Cat Bond,GBP Institutional (Acc),,,,,,,,
GAM Star Cat Bond,GBP Institutional (Inc),,,,,,,,
GAM Star Cat Bond,USD (Acc),,,,,,,,
GAM Star Cat Bond,USD Distribution QO,,,,,,,,
GAM Star Cat Bond,USD Institutional (Acc),,,,,,,,
GAM Star Cat Bond,USD Institutional (Inc),,,,,,,,
GAM Star Cautious,C EUR,,,,,,,,
GAM Star Cautious,C GBP,,,,,,,,
GAM Star Cautious,C USD,,,,,,,,
GAM Star Cautious,GBP Institutional (Acc),,,,,,,,
GAM Star Cautious,USD Institutional (Acc),,,,,,,,
GAM Star Cautious,Z GBP,,,,,,,,
GAM Star China Equity,A USD,,,,,,,,
GAM Star China Equity,C EUR,,,,,,,,
GAM Star China Equity,C USD,,,,,,,,
GAM Star China Equity,EUR (Acc),,,,,,,,
GAM Star China Equity,GBP (Acc),,,,,,,,
GAM Star China Equity,GBP Institutional (Acc),,,,,,,,
GAM Star China Equity,GBP Institutional (Inc),,,,,,,,
GAM Star China Equity,USD (Acc),,,,,,,,
GAM Star China Equity,USD (Inc),,,,,,,,
GAM Star China Equity,USD Institutional (Acc),,,,,,,,
GAM Star China Equity,USD Institutional (Inc),,,,,,,,
GAM Star Composite Global Equity,CHF (Acc),,,,,,,,
GAM Star Composite Global Equity,EUR (Acc),,,,,,,,
GAM Star Composite Global Equity,GBP (Acc),,,,,,,,
GAM Star Composite Global Equity,USD (Acc),,,,,,,,
GAM Star Continental European Equity,C EUR,,,,,,,,
GAM Star Continental European Equity,CHF (Acc),,,,,,,,
GAM Star Continental European Equity,EUR (Acc),,,,,,,,
GAM Star Continental European Equity,EUR Institutional (Acc),,,,,,,,
GAM Star Continental European Equity,GBP (Acc),,,,,,,,
GAM Star Continental European Equity,GBP (Inc),,,,,,,,
GAM Star Continental European Equity,GBP Institutional (Acc),,,,,,,,
GAM Star Continental European Equity,GBP Institutional (Inc),,,,,,,,
GAM Star Continental European Equity,USD (Acc),,,,,,,,
GAM Star Continental European Equity,USD Institutional (Acc),,,,,,,,
GAM Star Continental European Equity,Z EUR (Acc),,,,,,,,
GAM Star Credit Opportunities,EUR Institutional (Acc),,,,,,,,
GAM Star Credit Opportunities,USD Institutional (Acc),,,,,,,,
GAM Star Credit Opportunities,(EUR) - A,,,,,,,,
GAM Star Credit Opportunities,(EUR) - CHF (Acc),,,,,,,,
GAM Star Credit Opportunities,(EUR) - CHF (Inc),,,,,,,,
GAM Star Credit Opportunities,(EUR) - CHF Inst (Acc),,,,,,,,
GAM Star Credit Opportunities,(EUR) - SO,,,,,,,,
GAM Star Credit Opportunities,(EUR) (Acc),,,,,,,,
GAM Star Credit Opportunities,(GBP) (Acc),,,,,,,,
GAM Star Credit Opportunities,(GBP) (Inc),,,,,,,,
GAM Star Credit Opportunities,(GBP) Institutional (Acc),,,,,,,,
GAM Star Credit Opportunities,(USD) - SO,,,,,,,,
GAM Star Credit Opportunities,(USD) (Acc),,,,,,,,
GAM Star Credit Opportunities,(USD) (Inc),,,,,,,,
GAM Star Defensive,C EUR,,,,,,,,
GAM Star Defensive,GBP (Acc),,,,,,,,
GAM Star Defensive,GBP Institutional (Acc),,,,,,,,
GAM Star Defensive,Z GBP,,,,,,,,
GAM Star Discretionary FX,CHF (Acc),,,,,,,,
GAM Star Discretionary FX,EUR (Acc),,,,,,,,
GAM Star Discretionary FX,GBP (Acc),,,,,,,,
GAM Star Discretionary FX,USD (Acc),,,,,,,,
GAM Star Diversified Credit,USD (Acc),,,,,,,,
GAM Star Dynamic Global Bond,C EUR,,,,,,,,
GAM Star Dynamic Global Bond,CHF (Acc),,,,,,,,
GAM Star Dynamic Global Bond,EUR (Acc),,,,,,,,
GAM Star Dynamic Global Bond,EUR Institutional (Acc),,,,,,,,
GAM Star Dynamic Global Bond,GBP (Acc),,,,,,,,
GAM Star Dynamic Global Bond,USD (Acc),,,,,,,,
GAM Star Dynamic Global Bond,USD Institutional (Acc),,,,,,,,
GAM Star Emerging Asia Equity,A EUR,,,,,,,,
GAM Star Emerging Asia Equity,USD (Acc),,,,,,,,
GAM Star Emerging Asia Equity,USD Institutional,,,,,,,,
GAM Star Emerging Equity,GBP Institutional (Acc),,,,,,,,
GAM Star Emerging Equity,USD (Acc),,,,,,,,
GAM Star Emerging Equity,USD Institutional (Acc),,,,,,,,
GAM Star Emerging Market Rates,A EUR,,,,,,,,
GAM Star Emerging Market Rates,A JPY,,,,,,,,
GAM Star Emerging Market Rates,A USD,,,,,,,,
GAM Star Emerging Market Rates,C EUR,,,,,,,,
GAM Star Emerging Market Rates,CHF (Acc),,,,,,,,
GAM Star Emerging Market Rates,EUR (Acc),,,,,,,,
GAM Star Emerging Market Rates,EUR Institutional (Acc),,,,,,,,
GAM Star Emerging Market Rates,GBP (Acc),,,,,,,,
GAM Star Emerging Market Rates,GBP Institutional (Inc),,,,,,,,
GAM Star Emerging Market Rates,USD (Acc),,,,,,,,
GAM Star Emerging Market Rates,USD Institutional (Acc),,,,,,,,
GAM Star Emerging Markets Absolute Return Bond,C EUR,,,,,,,,
GAM Star European Equity,A EUR,,,,,,,,
GAM Star European Equity,C EUR,,,,,,,,
GAM Star European Equity,CHF (Acc),,,,,,,,
GAM Star European Equity,EUR (Acc),,,,,,,,
GAM Star European Equity,EUR (Inc),,,,,,,,
GAM Star European Equity,EUR Institutional (Acc),,,,,,,,
GAM Star European Equity,GBP (Acc),,,,,,,,
GAM Star European Equity,GBP (Inc),,,,,,,,
GAM Star European Equity,USD (Acc),,,,,,,,
GAM Star European Equity,USD (Inc),,,,,,,,
GAM Star Flexible Global Portfolio,C EUR,,,,,,,,
GAM Star Flexible Global Portfolio,CHF (Acc),,,,,,,,
GAM Star Flexible Global Portfolio,EUR (Acc),,,,,,,,
GAM Star Flexible Global Portfolio,GBP (Acc),,,,,,,,
GAM Star Flexible Global Portfolio,GBP (Inc),,,,,,,,
GAM Star Flexible Global Portfolio,USD (Acc),,,,,,,,
GAM Star GAMCO US Equity,GBP (Acc),,,,,,,,
GAM Star GAMCO US Equity,GBP Inst (Acc),,,,,,,,
GAM Star GAMCO US Equity,USD (Acc),,,,,,,,
GAM Star GAMCO US Equity,Z USD,,,,,,,,
GAM Star Global Convertible Bond,C EUR,,,,,,,,
GAM Star Global Convertible Bond,CHF (Acc),,,,,,,,
GAM Star Global Convertible Bond,CHF Inst (Acc),,,,,,,,
GAM Star Global Convertible Bond,EUR (Acc),,,,,,,,
GAM Star Global Convertible Bond,GBP Inst (Acc),,,,,,,,
GAM Star Global Convertible Bond,USD (Acc),,,,,,,,
GAM Star Global Convertible Bond,USD Inst,,,,,,,,
GAM Star Global Equity,GBP Institutional (Acc),,,,,,,,
GAM Star Global Equity,Z GBP,,,,,,,,
GAM Star Global Equity Inflation Focus,A EUR,,,,,,,,
GAM Star Global Equity Inflation Focus,A USD,,,,,,,,
GAM Star Global Equity Inflation Focus,C EUR,,,,,,,,
GAM Star Global Equity Inflation Focus,GBP (Acc),,,,,,,,
GAM Star Global Equity Inflation Focus,USD II (Acc),,,,,,,,
GAM Star Global Equity Inflation Focus,USD Institutional (Acc),,,,,,,,
GAM Star Global Leaders,CHF Institutional (Acc),,,,,,,,
GAM Star Global Leaders,GBP Institutional (Acc),,,,,,,,
GAM Star Global Leaders,USD (Acc),,,,,,,,
GAM Star Global Quality,EUR Institutional (Acc),,,,,,,,
GAM Star Global Quality,GBP (Acc),,,,,,,,
GAM Star Global Quality,GBP Institutional (Inc),,,,,,,,
GAM Star Global Quality,USD (Acc),,,,,,,,
GAM Star Global Quality,USD Institutional (Acc),,,,,,,,
GAM Star Global Rates,A EUR,,,,,,,,
GAM Star Global Rates,A JPY,,,,,,,,
GAM Star Global Rates,A USD,,,,,,,,
GAM Star Global Rates,CHF (Acc),,,,,,,,
GAM Star Global Rates,CHF (Inc),,,,,,,,
GAM Star Global Rates,EUR (Acc),,,,,,,,
GAM Star Global Rates,GBP (Acc),,,,,,,,
GAM Star Global Rates,GBP (Inc),,,,,,,,
GAM Star Global Rates,USD (Acc),,,,,,,,
GAM Star Global Rates,USD (Inc),,,,,,,,
GAM Star Global Selector,C EUR,,,,,,,,
GAM Star Global Selector,CHF (Acc),,,,,,,,
GAM Star Global Selector,EUR (Acc),,,,,,,,
GAM Star Global Selector,GBP (Acc),,,,,,,,
GAM Star Global Selector,USD (Acc),,,,,,,,
GAM Star Global Selector II,C EUR,,,,,,,,
GAM Star Global Selector II,EUR (Acc),,,,,,,,
GAM Star Global Selector II,EUR Institutional (Acc),,,,,,,,
GAM Star Global Selector II,GBP (Acc),,,,,,,,
GAM Star Global Selector II,GBP Institutional (Inc),,,,,,,,
GAM Star Global Selector II,USD (Acc),,,,,,,,
GAM Star Global Selector II,USD Institutional (Acc),,,,,,,,
GAM Star Growth,C EUR,,,,,,,,
GAM Star Growth,C GBP,,,,,,,,
GAM Star Growth,C USD,,,,,,,,
GAM Star Growth,GBP (Acc),,,,,,,,
GAM Star Growth,GBP Institutional (Acc),,,,,,,,
GAM Star Growth,USD Institutional (Acc),,,,,,,,
GAM Star Growth,Z GBP,,,,,,,,
GAM Star Japan Equity,A EUR,,,,,,,,
GAM Star Japan Equity,A JPY,,,,,,,,
GAM Star Japan Equity,A USD,,,,,,,,
GAM Star Japan Equity,B EUR,,,,,,,,
GAM Star Japan Equity,B USD,,,,,,,,
GAM Star Japan Equity,EUR (Acc),,,,,,,,
GAM Star Japan Equity,EUR (Inc),,,,,,,,
GAM Star Japan Equity,GBP (Acc),,,,,,,,
GAM Star Japan Equity,GBP (Inc),,,,,,,,
GAM Star Japan Equity,GBP Institutional (Acc),,,,,,,,
GAM Star Japan Equity,GBP Institutional (Inc),,,,,,,,
GAM Star Japan Equity,JPY (Acc),,,,,,,,
GAM Star Japan Equity,USD (Acc),,,,,,,,
GAM Star Japan Equity,USD (Inc),,,,,,,,
GAM Star Japan Equity,USD Institutional (Acc),,,,,,,,
GAM Star Japan Equity,Z USD,,,,,,,,
GAM Star Japan Equity Non UK RFS,JPY (Acc),,,,,,,,
GAM Star Japan Equity Non UK RFS,USD (Acc),,,,,,,,
GAM Star Keynes Quantitative Strategies,A EUR,,,,,,,,
GAM Star Keynes Quantitative Strategies,A GBP,,,,,,,,
GAM Star Keynes Quantitative Strategies,A SEK,,,,,,,,
GAM Star Keynes Quantitative Strategies,A USD,,,,,,,,
GAM Star Keynes Quantitative Strategies,C EUR,,,,,,,,
GAM Star Keynes Quantitative Strategies,EUR (Acc),,,,,,,,
GAM Star Keynes Quantitative Strategies,EUR Inst (Acc),,,,,,,,
GAM Star Keynes Quantitative Strategies,GBP (Acc),,,,,,,,
GAM Star Keynes Quantitative Strategies,GBP Inst (Acc),,,,,,,,
GAM Star Keynes Quantitative Strategies,SEK (Acc),,,,,,,,
GAM Star Keynes Quantitative Strategies,SEK Inst (Acc),,,,,,,,
GAM Star Keynes Quantitative Strategies,USD (Acc),,,,,,,,
GAM Star Local EM Rates and FX,CHF (Acc),,,,,,,,
GAM Star Local EM Rates and FX,EUR (Acc),,,,,,,,
GAM Star Local EM Rates and FX,EUR (Inc),,,,,,,,
GAM Star Local EM Rates and FX,GBP (Acc),,,,,,,,
GAM Star Local EM Rates and FX,GBP Institutional (Inc),,,,,,,,
GAM Star Local EM Rates and FX,USD (Acc),,,,,,,,
GAM Star Local Emerging Bond,USD Institutional (Acc),,,,,,,,
GAM Star Multi-Emerging Markets,USD (Acc),,,,,,,,
GAM Star North of South EM Equity,EUR (Acc),,,,,,,,
GAM Star North of South EM Equity,GBP (Acc),,,,,,,,
GAM Star North of South EM Equity,GBP Institutional (Inc),,,,,,,,
GAM Star North of South EM Equity,USD (Acc),,,,,,,,
GAM Star North of South EM Equity,USD Institutional (Acc),,,,,,,,
GAM Star QFS Global Macro,C EUR,,,,,,,,
GAM Star QFS Global Macro,EUR (Acc),,,,,,,,
GAM Star QFS Global Macro,USD (Acc),,,,,,,,
GAM Star QFS Global Macro,USD Institutional,,,,,,,,
GAM Star Select Sovereign,USD (Acc),,,,,,,,
GAM Star Technology,A USD,,,,,,,,
GAM Star Technology,C USD,,,,,,,,
GAM Star Technology,EUR Institutional (Acc),,,,,,,,
GAM Star Technology,GBP (Acc),,,,,,,,
GAM Star Technology,GBP Institutional (Acc),,,,,,,,
GAM Star Technology,GBP Institutional (Inc),,,,,,,,
GAM Star Technology,USD (Acc),,,,,,,,
GAM Star Technology,USD Institutional (Acc),,,,,,,,
GAM Star Technology,Z GBP,,,,,,,,
GAM Star Technology,Z USD,,,,,,,,
GAM Star US All Cap Equity,A USD,,,,,,,,
GAM Star US All Cap Equity,C EUR,,,,,,,,
GAM Star US All Cap Equity,C USD,,,,,,,,
GAM Star US All Cap Equity,EUR (Acc),,,,,,,,
GAM Star US All Cap Equity,EUR Institutional (Acc),,,,,,,,
GAM Star US All Cap Equity,GBP (Acc),,,,,,,,
GAM Star US All Cap Equity,USD (Acc),,,,,,,,
GAM Star US All Cap Equity,USD (Inc),,,,,,,,
GAM Star US All Cap Equity,USD Institutional (Acc),,,,,,,,
GAM Star US All Cap Equity,USD Institutional (Inc),,,,,,,,
GAM Star Worldwide Equity,A USD,,,,,,,,
GAM Star Worldwide Equity,C EUR,,,,,,,,
GAM Star Worldwide Equity,EUR (Acc),,,,,,,,
GAM Star Worldwide Equity,EUR (Inc),,,,,,,,
GAM Star Worldwide Equity,GBP (Acc),,,,,,,,
GAM Star Worldwide Equity,GBP (Inc),,,,,,,,
GAM Star Worldwide Equity,USD (Acc),,,,,,,,
GAM Star Worldwide Equity,USD (Inc),,,,,,,,
GAM Sterling Special Bond,GBP Open,,,,,,,,
GAM Strategic Diversity,USD A,,,,,,,,
GAM Strategic Diversity,USD B,,,,,,,,
GAM Strategic Diversity,USD C,,,,,,,,
GAM Strategic Diversity II,EUR A,,,,,,,,
GAM Strategic Diversity II,EUR B,,,,,,,,
GAM Strategic Diversity II,USD A,,,,,,,,
GAM Strategic Diversity II,USD B,,,,,,,,
GAM Strategic Diversity II,USD C,,,,,,,,
GAM Strategic Multi-Emerging Markets,USD A,,,,,,,,
GAM Strategic Multi-Emerging Markets,USD B,,,,,,,,
GAM Strategic Multi-Europe II,EUR A,,,,,,,,
GAM Strategic Multi-Europe II,EUR B,,,,,,,,
GAM Strategic Multi-Europe II,USD A,,,,,,,,
GAM Strategic Multi-Europe II,USD B,,,,,,,,
GAM Strategic Multi,Europe USD A,,,,,,,,
GAM Strategic Multi,Europe USD B,,,,,,,,
GAM Strategic Trading II,USD A,,,,,,,,
GAM Strategic Trading II,USD B,,,,,,,,
GAM Strategic Trading II,USD C,,,,,,,,
GAM Strategic Trading III,USD A,,,,,,,,
GAM Strategic Trading III,USD B,,,,,,,,
GAM Strategic Trading V,USD A,,,,,,,,
GAM Talentum Emerging Long/Short,A EUR,,,,,,,,
GAM Talentum Emerging Long/Short,B USD,,,,,,,,
GAM Talentum Enhanced Europe Long/Short,A EUR,,,,,,,,
GAM Talentum Enhanced Europe Long/Short,B USD,,,,,,,,
GAM Talentum Enhanced Europe Long/Short,C EUR,,,,,,,,
GAM Talentum Enhanced Europe Long/Short,D USD,,,,,,,,
GAM Talentum Europe Long/Short,A EUR,,,,,,,,
GAM Talentum Europe Long/Short,B USD,,,,,,,,
GAM Trading EUR,,,,,,,,,
GAM Trading II,AUD,,,,,,,,
GAM Trading II,AUD Institutional,,,,,,,,
GAM Trading II,CHF Institutional,,,,,,,,
GAM Trading II,CHF Open,,,,,,,,
GAM Trading II,EUR Institutional,,,,,,,,
GAM Trading II,EUR Open,,,,,,,,
GAM Trading II,GBP 1.25XL,,,,,,,,
GAM Trading II,GBP Institutional,,,,,,,,
GAM Trading II,GBP Open,,,,,,,,
GAM Trading II,USD 1.5XL,,,,,,,,
GAM Trading II,USD Institutional,,,,,,,,
GAM Trading II,USD M,,,,,,,,
GAM Trading II,USD Open,,,,,,,,
GAM Trading II,USD Reserved,,,,,,,,
GAM Trading II,USD Strategic,,,,,,,,
GAM Trading III,CHF Open,,,,,,,,
GAM Trading III,EUR Open,,,,,,,,
GAM Trading III,GBP Open,,,,,,,,
GAM Trading III,USD Open,,,,,,,,
GAM Trading IV,CHF Open,,,,,,,,
GAM Trading IV,EUR Open,,,,,,,,
GAM Trading IV,GBP Open,,,,,,,,
GAM Trading IV,USD Open,,,,,,,,
GAM Trading USD,,,,,,,,,
GAM Trading V,CHF Open,,,,,,,,
GAM Trading V,EUR Open,,,,,,,,
GAM Trading V,GBP Open,,,,,,,,
GAM Trading V,USD Open,,,,,,,,
GAM UK Diversified,Institutional (Acc),,,,,,,,
GAM UK Diversified,Institutional (Inc),,,,,,,,
GAM UK Diversified (Acc),,,,,,,,,
GAM UK Diversified (Inc),,,,,,,,,
GAM Unconstrained Bond Fund,USD,,,,,,,,
GAM US Dollar Special Bond,USD Open,,,,,,,,
GAM US Institutional Diversity,CAD NV,,,,,,,,
GAMut Investments,,,,,,,,,
GAMut Investments,SI,,,,,,,,
GAMut Investments,T,,,,,,,,
World Invest Absolute Emerging,C CHF,,,,,,,,
World Invest Absolute Emerging,C EUR,,,,,,,,
World Invest Absolute Emerging,C USD,,,,,,,,
World Invest Absolute Emerging,EUR Institutional,,,,,,,,
World Invest Absolute Emerging,USD Institutional,,,,,,,,
World Invest Absolute Financials,C CHF,,,,,,,,
World Invest Absolute Financials,C EUR,,,,,,,,
World Invest Absolute Financials,C USD,,,,,,,,
World Invest Absolute Financials,EUR Institutional,,,,,,,,
World Invest Absolute Financials,USD Institutional,,,,,,,,
World Invest Absolute Return,C CHF,,,,,,,,
World Invest Absolute Return,C EUR,,,,,,,,
World Invest Absolute Return,C GBP,,,,,,,,
World Invest Absolute Return,C USD,,,,,,,,
World Invest Absolute Return,EUR Institutional,,,,,,,,
World Invest Absolute Return,USD Institutional,,,,,,,,
World Invest Absolute Strategy,C CHF,,,,,,,,
World Invest Absolute Strategy,C EUR,,,,,,,,
World Invest Absolute Strategy,C USD,,,,,,,,
World Invest Absolute Strategy,EUR Institutional,,,,,,,,
World Invest Absolute Strategy,USD Institutional,,,,,,,,
World Invest Eurostar Equities,C EUR,,,,,,,,
World Invest Eurostar Equities,C USD,,,,,,,,
World Invest Eurostar Equities,EUR Institutional,,,,,,,,
World Invest Eurostar Equities,USD Institutional,,,,,,,,
,,,,,,,,,
